﻿<?xml version="1.0" encoding="utf-8" ?>
<tincan xmlns="http://projecttincan.com/tincan.xsd">
    <activities>
        <activity id="http://id.tincanapi.com/activity/tincan-prototypes/nashville-museums-tour" type="http://adlnet.gov/expapi/activities/performance">
            <name>Tin Can Museum Tour Example</name>
            <description lang="en-US">A tour of Museums in Nashville</description>
            <launch lang="en-us">index.html</launch>
        </activity>
    </activities>
</tincan>
